Estimate	Std. Error	t value	Pr(>|t|)
(Intercept)	1.47308070761068	14.4575341709486	0.10189017644314	0.918844461417618
TargetingDual-targeted_Non-interacting	-0.398087521019317	15.0342008397675	-0.0264787949331048	0.978875605655675
Targetingitochondria-targeted_Interacting	-0.551812783341221	16.9162270098841	-0.0326203226652609	0.973977558971896
Targetingitochondria-targeted_Non-interacting	0.314576774738079	19.2616464091115	0.0163317697800366	0.986969810220183
TargetingNot-organelle-targeted	-2.04161753687478	14.5244226049624	-0.140564454257703	0.888214881639402
TargetingPlastid-targeted_Interacting	-0.326196357273265	17.0447957791383	-0.0191375925825117	0.984731457121143
TargetingPlastid-targeted_Non-interacting	-0.424522051582054	15.5273199942074	-0.027340329930756	0.978188454212709
