	Estimate	Std. Error	t value	Pr(>|t|)
(Intercept)	0.819235389026284	0.177492544180144	4.61560451911046	3.93191753707177e-06
TargetingDual-targeted_Interacting	0.0678711119837368	2.29659166034487	0.0295529732845694	0.976423721040813
TargetingDual-targeted_Non-interacting	0.0992165260130327	0.626959378219953	0.158250326033444	0.87426036294877
TargetingMitochondria-targeted_Interacting	-0.178048629080316	1.37501383774555	-0.129488608909015	0.896971701307361
TargetingMitochondria-targeted_Non-interacting	-0.493913525414243	1.71586326458457	-0.287851331518438	0.773462062265674
TargetingPlastid-targeted_Interacting	0.140452044262578	1.42568707041575	0.0985153384477428	0.92152359591831
TargetingPlastid-targeted_Non-interacting	0.218495922305887	0.875096263472691	0.249682156610768	0.802834464737581
