	Estimate	Std. Error	t value	Pr(>|t|)
(Intercept)	-0.253730983658446	0.00751824650248961	-33.7486917427389	3.7557251856551e-246
TargetingDual-targeted_Interacting	0.114688641137113	0.0972792536035226	1.17896300484115	0.238420053568991
TargetingDual-targeted_Non-interacting	-0.0425276805942945	0.0265568065085662	-1.60138533903075	0.109299644891883
TargetingMitochondria-targeted_Interacting	-0.0712799446802675	0.0582429702850682	-1.22383773237165	0.221020792978408
TargetingMitochondria-targeted_Non-interacting	0.127062152183056	0.0726807035602599	1.74822402589579	0.0804330603661759
TargetingPlastid-targeted_Interacting	-0.103512975526411	0.0603893920181746	-1.71409202952827	0.0865197199308803
TargetingPlastid-targeted_Non-interacting	-0.0318038029192012	0.0370674129022447	-0.857998992351453	0.390898258567562
