	Estimate	Std. Error	t value	Pr(>|t|)
(Intercept)	0.197979152153869	0.011049007620762	17.9182745590519	1.63818910714944e-71
TargetingDual-targeted_Interacting	-0.253719237314136	0.142964082655634	-1.77470615416939	0.0759541671076592
TargetingDual-targeted_Non-interacting	-0.0151080999018364	0.0390285630298346	-0.387103667903102	0.698681560931448
TargetingMitochondria-targeted_Interacting	0.0537162400237862	0.0855953608760278	0.627560179360494	0.530295752165613
TargetingMitochondria-targeted_Non-interacting	-0.305272505359595	0.106813423482953	-2.85799757563538	0.00426547890253957
TargetingPlastid-targeted_Interacting	0.13829770641567	0.0887497972301175	1.55828757621925	0.11917315460032
TargetingPlastid-targeted_Non-interacting	-0.0401222380669664	0.054475219388352	-0.736522744056087	0.461417032988541
