	Estimate	Std. Error	t value	Pr(>|t|)
1	0.881908399529797	0.660158277262759	1.3359044791296	0.181588241707553
2	-0.331408036064419	8.54184608752088	-0.0387981746180824	0.96905149749156
3	0.0183929323827687	2.33188624880682	0.00788757701718085	0.993706729414371
4	0.198289505526988	5.11416843187097	0.0387725801698803	0.969071903422018
5	0.0632954862507474	6.38190940356876	0.00991795436885277	0.992086797469002
6	0.0113396636215624	5.3026403146614	0.00213849383489374	0.998293740953402
7	0.0761021660344767	3.25479610651633	0.0233815463531233	0.981346043709145
