Category1	Category2	estimate	SE	df	t.ratio	p.value
AreNot-organelle-targeted	Dual-targeted_Interacting	0.482397153767801	0.125829674000021	39246	3.833731252993	0.00240180775723838
AreNot-organelle-targeted	Dual-targeted_Non-interacting	0.148004517836485	0.0330904476806585	39246	4.47272636698096	0.000154890052077854
AreNot-organelle-targeted	Mitochondria-targeted_Interacting	0.378548265813249	0.0744418137824966	39246	5.08515640039733	7.74921514765586e-06
Dual-targeted_Interacting	Plastid-targeted_Non-interacting	-0.39653279042257	0.133329425733197	39246	-2.97408308962543	0.0499875052771836
Mitochondria-targeted_Interacting	Plastid-targeted_Non-interacting	-0.292683902468018	0.086517122852188	39246	-3.38295926654958	0.0129202758203779
